home_away,goals_scored,goals_conceded,opponent_rank
Home,2,1,1
Home,0,1,3
Home,1,0,4
Home,2,0,6
Home,3,1,20
Home,0,2,2
Home,0,0,18
Home,8,0,24
Home,1,1,7
Home,2,0,23
Home,2,0,5
Home,1,0,10
Home,0,0,15
Home,2,0,14
Home,0,1,11
Home,1,1,12
Home,2,1,16
Home,1,1,17
Home,3,1,8
Home,2,0,13
Home,3,1,19
Home,3,1,21
Home,1,0,22
Away,0,2,1
Away,0,2,3
Away,0,1,4
Away,2,1,6
Away,1,0,20
Away,1,3,2
Away,2,1,18
Away,3,1,24
Away,0,0,7
Away,2,0,23
Away,2,3,5
Away,1,1,10
Away,0,1,15
Away,1,1,14
Away,1,0,11
Away,1,0,12
Away,1,1,16
Away,0,0,17
Away,1,2,8
Away,0,1,13
Away,0,2,19
Away,1,1,21
Away,0,1,22
