team,position,age,minutes_played,training_load,prev_injuries,bmi,injured
Ashford United,DEF,27,3117,4,0,25.2,1
Ashford United,GK,27,3960,4,2,21.8,0
Ashford United,DEF,27,2172,2,2,19,0
Ashford United,DEF,21,2782,2,3,20.5,1
Ashford United,GK,26,3472,5,0,24.1,0
Ashford United,FWD,25,2242,2,0,23.3,0
Ashford United,MID,24,2887,3,1,22.8,0
Ashford United,DEF,26,2979,3,0,24.1,0
Ashford United,DEF,25,2474,2,0,21.7,0
Ashford United,GK,26,2558,2,1,26.4,0
Ashford United,MID,22,2910,3,0,22.5,0
Ashford United,MID,29,3280,4,0,23.5,1
Ashford United,DEF,28,1207,2,2,26,0
Ashford United,DEF,17,2780,2,0,20.3,0
Ashford United,MID,20,3960,4,0,23.8,0
Ashford United,MID,31,2105,2,0,23.5,0
Ashford United,FWD,29,2402,2,1,23.7,0
Ashford United,FWD,24,2260,3,0,24.7,0
Ashford United,GK,23,3960,3,1,24.3,0
Ashford United,DEF,20,1624,3,1,25.2,1
Ashford United,DEF,27,1879,5,0,21.6,0
Ashford United,FWD,24,2276,5,2,21.8,0
Ashford United,MID,29,3009,3,3,22.6,0
Ashford United,DEF,33,3389,2,0,24.9,0
Ashford United,DEF,24,2010,3,2,22.4,0
Bramley Town,DEF,25,2459,4,1,19.4,0
Bramley Town,MID,27,2522,4,3,26.9,1
Bramley Town,DEF,19,2996,4,0,26.9,0
Bramley Town,DEF,26,3696,3,2,20.8,1
Bramley Town,GK,28,3773,3,2,22.2,0
Bramley Town,MID,27,3097,3,0,25,0
Bramley Town,MID,23,1922,3,1,21,0
Bramley Town,MID,30,3287,3,0,22.2,1
Bramley Town,MID,27,3234,4,4,25.5,1
Bramley Town,FWD,31,2175,3,1,23.6,0
Bramley Town,FWD,28,2479,3,0,24.3,0
Bramley Town,MID,27,1801,2,0,24.2,0
Bramley Town,FWD,17,1798,4,1,21.9,0
Bramley Town,DEF,27,3439,4,3,23,1
Bramley Town,FWD,20,3728,5,0,24.6,0
Bramley Town,MID,34,2473,3,2,24.5,0
Bramley Town,DEF,25,3028,2,1,21.3,1
Bramley Town,FWD,29,105,1,1,26.7,0
Bramley Town,FWD,26,1992,5,2,23.7,0
Bramley Town,GK,22,3506,5,1,21.8,0
Bramley Town,MID,23,2346,4,1,24.8,0
Bramley Town,FWD,24,1826,3,1,20.4,0
Bramley Town,MID,22,2397,3,0,24.9,0
Bramley Town,FWD,24,2731,3,0,23.2,1
Bramley Town,DEF,28,2277,5,1,24.8,0
Bramley Town,MID,23,2183,3,1,25.1,0
Casterwick FC,MID,21,1809,4,0,24.8,1
Casterwick FC,FWD,27,676,4,1,25.1,0
Casterwick FC,FWD,18,2605,3,2,23.6,0
Casterwick FC,DEF,26,2993,3,1,23.6,1
Casterwick FC,DEF,25,2429,2,1,23.6,0
Casterwick FC,GK,19,3616,3,0,23.8,0
Casterwick FC,MID,23,3870,3,0,20.6,0
Casterwick FC,GK,27,3603,4,2,19.5,1
Casterwick FC,DEF,30,2582,2,2,24.7,0
Casterwick FC,MID,27,3305,3,1,24.4,0
Casterwick FC,FWD,33,2841,3,1,23.4,0
Casterwick FC,DEF,29,3960,2,0,25.9,0
Casterwick FC,MID,29,2115,4,0,21.6,0
Casterwick FC,MID,20,3794,2,0,20.7,0
Casterwick FC,FWD,29,1681,2,1,23.9,0
Casterwick FC,GK,18,3960,4,0,24.1,0
Casterwick FC,DEF,22,3066,4,0,23.9,0
Casterwick FC,MID,25,2785,3,3,22.8,0
Casterwick FC,MID,21,3428,5,0,23.9,0
Casterwick FC,FWD,20,826,3,0,25.1,0
Casterwick FC,FWD,20,1388,3,0,22.3,1
Casterwick FC,DEF,21,2765,2,0,22.1,0
Casterwick FC,MID,19,2073,4,3,21.8,0
Casterwick FC,DEF,28,2829,4,0,23.8,0
Dunmore Athletic,MID,34,2747,3,2,23.1,0
Dunmore Athletic,GK,25,3462,5,0,21.1,1
Dunmore Athletic,MID,24,3780,5,3,24.6,0
Dunmore Athletic,MID,20,1858,5,1,22.9,0
Dunmore Athletic,MID,20,2002,4,0,24.7,0
Dunmore Athletic,MID,22,1653,2,0,23.9,0
Dunmore Athletic,MID,26,1940,2,1,23.6,0
Dunmore Athletic,DEF,28,1955,2,1,21.9,0
Dunmore Athletic,DEF,19,2653,2,0,25.9,0
Dunmore Athletic,MID,23,2475,2,0,25.7,0
Dunmore Athletic,MID,28,3310,5,2,25.7,0
Dunmore Athletic,MID,21,2047,2,3,21.1,0
Dunmore Athletic,MID,23,2667,4,2,25.8,0
Dunmore Athletic,MID,23,2240,2,0,21.7,0
Dunmore Athletic,DEF,26,2791,3,1,24.8,0
Dunmore Athletic,MID,17,2674,2,0,24.2,0
Dunmore Athletic,MID,20,1488,5,2,24.5,0
Dunmore Athletic,MID,30,2412,3,0,23.7,1
Dunmore Athletic,DEF,32,2757,3,0,23.2,0
Dunmore Athletic,DEF,25,2551,4,1,23.4,0
Dunmore Athletic,MID,23,2260,2,4,22.6,0
Dunmore Athletic,MID,27,1218,3,4,23.2,1
Dunmore Athletic,MID,23,3213,2,2,23.3,0
Dunmore Athletic,MID,24,2734,3,1,22.6,0
Dunmore Athletic,MID,19,2441,2,0,22.4,0
Dunmore Athletic,DEF,25,2167,1,0,20.4,1
Dunmore Athletic,FWD,25,2416,3,0,24.2,0
Dunmore Athletic,MID,29,1723,3,1,22.5,0
Elwick Rovers,DEF,17,3270,3,0,22.4,0
Elwick Rovers,FWD,24,2541,1,2,24.7,0
Elwick Rovers,FWD,26,2502,3,0,23.1,0
Elwick Rovers,DEF,26,3081,1,0,22.2,0
Elwick Rovers,DEF,26,3209,3,1,24,0
Elwick Rovers,GK,23,3960,5,1,22.5,0
Elwick Rovers,DEF,25,3340,2,0,24.2,0
Elwick Rovers,MID,24,1731,4,0,25.8,0
Elwick Rovers,MID,27,2785,5,0,22.6,0
Elwick Rovers,MID,18,3504,4,0,24.3,0
Elwick Rovers,DEF,18,2825,3,3,24.7,0
Elwick Rovers,FWD,28,1876,5,4,23.2,0
Elwick Rovers,MID,19,2215,3,0,20.7,0
Elwick Rovers,MID,28,2989,4,0,22,1
Elwick Rovers,DEF,31,3198,4,0,21.5,1
Elwick Rovers,MID,24,2087,3,0,25.7,0
Elwick Rovers,MID,24,1383,3,1,24.4,0
Elwick Rovers,MID,26,3068,3,1,20.4,0
Elwick Rovers,MID,23,1508,3,1,22.5,1
Elwick Rovers,MID,27,1607,3,0,26.9,0
Elwick Rovers,DEF,26,1831,2,0,23,0
Elwick Rovers,MID,24,2275,2,0,21.8,0
Elwick Rovers,FWD,24,2077,3,0,21,0
Elwick Rovers,DEF,22,3347,5,1,24.5,0
Ferndale City,GK,25,2948,3,2,24.8,1
Ferndale City,MID,30,1636,2,4,25.7,0
Ferndale City,DEF,23,2149,3,0,23.6,0
Ferndale City,FWD,24,1509,2,0,23.9,0
Ferndale City,MID,25,2006,3,1,23.4,0
Ferndale City,DEF,20,2369,4,2,23.2,0
Ferndale City,DEF,17,2569,3,0,22.2,0
Ferndale City,DEF,28,2479,2,1,25.7,0
Ferndale City,DEF,24,3103,4,1,25.7,0
Ferndale City,FWD,24,2439,3,1,25.1,0
Ferndale City,DEF,31,2499,3,2,21.2,0
Ferndale City,FWD,25,1809,3,3,24.7,0
Ferndale City,DEF,28,3351,3,0,24.7,0
Ferndale City,DEF,27,2784,4,0,22.6,0
Ferndale City,FWD,23,1925,4,1,23.1,0
Ferndale City,GK,24,3285,4,3,21.6,1
Ferndale City,MID,26,1671,3,0,23.5,0
Ferndale City,DEF,26,2985,2,2,25.1,0
Ferndale City,MID,19,2691,1,0,24.3,0
Ferndale City,DEF,20,3149,2,1,23.5,0
Ferndale City,DEF,22,1715,2,2,23.2,0
Ferndale City,DEF,21,2384,2,0,21.4,0
Ferndale City,DEF,23,3032,3,4,25.1,0
Ferndale City,FWD,27,1991,3,1,25.9,0
Ferndale City,GK,26,3158,3,0,23.5,1
Ferndale City,DEF,27,2282,2,1,24.8,0
Ferndale City,MID,22,2645,2,0,24,0
Ferndale City,MID,28,1485,2,0,23.2,0
Grantwick FC,GK,35,3212,5,1,24.5,1
Grantwick FC,DEF,29,3281,5,0,24.1,1
Grantwick FC,DEF,25,2782,2,0,25.2,0
Grantwick FC,FWD,24,1689,4,2,22.7,1
Grantwick FC,MID,28,2406,5,0,25.5,0
Grantwick FC,DEF,26,2950,4,3,24,1
Grantwick FC,FWD,34,1686,5,1,22,1
Grantwick FC,MID,25,1782,2,0,24.8,0
Grantwick FC,DEF,25,3030,3,0,25.1,0
Grantwick FC,MID,27,1516,2,0,23.4,0
Grantwick FC,DEF,20,3166,3,0,23.8,0
Grantwick FC,DEF,27,3403,3,0,25,0
Grantwick FC,GK,26,2166,3,2,21.6,0
Grantwick FC,FWD,17,3627,4,0,26,1
Grantwick FC,MID,23,2134,3,0,21.6,0
Grantwick FC,GK,23,3183,4,0,23.1,0
Grantwick FC,DEF,24,2786,3,1,22.5,0
Grantwick FC,FWD,31,1906,5,1,22.7,1
Grantwick FC,FWD,25,1542,3,3,21.7,1
Grantwick FC,DEF,33,2655,3,0,23.6,0
Grantwick FC,DEF,26,2786,3,1,23.6,0
Grantwick FC,MID,22,2736,3,2,26,1
Grantwick FC,GK,28,2929,5,2,22.6,1
Grantwick FC,MID,30,3263,4,1,23.3,1
Grantwick FC,DEF,24,2777,3,2,24.1,0
Grantwick FC,DEF,23,2672,3,4,22.5,1
Grantwick FC,MID,26,2877,4,1,24.1,0
Hartwell United,MID,23,2590,3,1,25.2,0
Hartwell United,FWD,22,1891,4,0,27.9,0
Hartwell United,FWD,36,2966,3,0,20.8,0
Hartwell United,DEF,30,3960,4,1,25.5,0
Hartwell United,MID,26,2090,4,0,22.5,0
Hartwell United,DEF,23,2726,2,2,22.7,0
Hartwell United,MID,27,2866,4,3,24.8,1
Hartwell United,DEF,20,2217,3,0,23.8,0
Hartwell United,MID,25,3087,4,2,21.1,1
Hartwell United,FWD,26,1617,2,0,25,0
Hartwell United,MID,26,1385,3,2,20.9,0
Hartwell United,DEF,17,3107,4,1,21.3,0
Hartwell United,FWD,23,703,2,0,24.1,0
Hartwell United,MID,23,1693,4,1,23.9,0
Hartwell United,DEF,24,2605,4,0,23,0
Hartwell United,MID,24,2547,2,2,22.2,0
Hartwell United,DEF,24,3112,3,1,25,0
Hartwell United,DEF,27,2537,3,0,23.1,0
Hartwell United,DEF,22,2272,3,1,22.2,0
Hartwell United,DEF,33,1097,2,0,23.1,0
Hartwell United,DEF,25,2772,3,1,23.6,0
Hartwell United,DEF,31,2764,4,0,22,0
Hartwell United,GK,22,3084,3,0,24.2,0
Hartwell United,MID,22,1856,4,0,23.8,0
Hartwell United,DEF,31,2765,4,0,21.9,0
Hartwell United,MID,33,2761,5,2,23.3,1
Hartwell United,DEF,19,2563,4,1,23.6,0
Ironside FC,FWD,24,1066,1,1,24.3,0
Ironside FC,MID,28,1502,2,0,23.4,0
Ironside FC,FWD,18,2157,3,0,22.9,0
Ironside FC,MID,24,2155,5,0,22.8,1
Ironside FC,FWD,27,3166,5,1,23.2,0
Ironside FC,GK,28,2932,3,2,23.7,1
Ironside FC,DEF,26,2013,4,1,22.7,0
Ironside FC,MID,29,2205,4,0,25.1,0
Ironside FC,MID,25,1817,3,0,22.7,0
Ironside FC,MID,26,1843,3,0,23.9,0
Ironside FC,GK,22,3960,3,3,27.3,0
Ironside FC,DEF,25,3494,3,0,23.5,0
Ironside FC,MID,29,1928,3,1,22.8,1
Ironside FC,GK,23,3502,4,0,23.3,0
Ironside FC,MID,24,2077,5,0,24.9,0
Ironside FC,DEF,31,3241,3,3,23.1,1
Ironside FC,MID,29,3474,3,0,23.3,0
Ironside FC,MID,27,1873,4,3,21.7,1
Ironside FC,DEF,33,3499,3,0,25.5,0
Ironside FC,MID,19,2337,4,0,24.6,0
Ironside FC,MID,31,2446,4,1,23.7,0
Ironside FC,GK,24,2435,3,3,24.5,0
Ironside FC,MID,25,2072,3,0,19.7,0
Ironside FC,MID,27,1980,5,1,24.2,0
Jarrow Athletic,FWD,20,2532,4,1,20.8,0
Jarrow Athletic,FWD,26,2372,3,4,23.5,1
Jarrow Athletic,DEF,23,3540,4,0,24.5,0
Jarrow Athletic,MID,25,3259,5,0,22.1,0
Jarrow Athletic,FWD,22,1723,1,0,26.1,1
Jarrow Athletic,DEF,29,1979,3,2,22,0
Jarrow Athletic,FWD,19,1786,3,0,25.6,0
Jarrow Athletic,FWD,27,2352,3,2,24.4,1
Jarrow Athletic,MID,28,2472,2,2,23.8,0
Jarrow Athletic,DEF,28,3929,3,1,22.6,0
Jarrow Athletic,DEF,27,3702,3,1,24,0
Jarrow Athletic,MID,29,2883,4,1,22.6,0
Jarrow Athletic,MID,27,1963,4,0,24.7,0
Jarrow Athletic,DEF,28,3520,2,1,23.8,0
Jarrow Athletic,FWD,28,1994,3,0,21,0
Jarrow Athletic,MID,26,2626,3,2,23.1,1
Jarrow Athletic,MID,31,2587,5,2,22.9,1
Jarrow Athletic,MID,22,1805,4,0,23.9,0
Jarrow Athletic,DEF,29,3055,1,0,25.7,0
Jarrow Athletic,MID,20,2308,3,1,24.8,0
Jarrow Athletic,FWD,22,2889,3,0,22.2,0
Jarrow Athletic,DEF,17,2454,3,0,22.5,0
Jarrow Athletic,DEF,17,3301,2,4,23.9,0
Jarrow Athletic,DEF,28,2669,3,0,22.3,0
Jarrow Athletic,DEF,25,3960,4,1,24.7,0
Jarrow Athletic,MID,19,2754,2,2,24.3,0
Kelwick Town,GK,27,3611,2,1,26.4,1
Kelwick Town,MID,26,2718,2,0,25.6,0
Kelwick Town,FWD,25,2589,4,0,24.6,0
Kelwick Town,MID,20,2727,4,0,22.2,0
Kelwick Town,DEF,20,3758,3,0,21.7,0
Kelwick Town,DEF,29,2720,4,3,22.1,0
Kelwick Town,MID,21,1351,4,2,22.9,0
Kelwick Town,DEF,30,3108,5,1,22.8,0
Kelwick Town,DEF,27,1964,3,0,23.8,0
Kelwick Town,FWD,26,1798,3,0,21.7,0
Kelwick Town,FWD,25,3226,5,3,25.4,1
Kelwick Town,MID,26,2329,3,4,26.6,1
Kelwick Town,FWD,26,2310,3,2,23.5,0
Kelwick Town,DEF,22,3200,4,1,26,0
Kelwick Town,MID,22,1990,3,0,22.1,0
Kelwick Town,FWD,25,1824,3,2,22.7,0
Kelwick Town,DEF,21,2595,3,2,22.5,0
Kelwick Town,GK,25,3462,4,2,25.4,0
Kelwick Town,FWD,27,1579,4,1,24.1,0
Kelwick Town,FWD,31,2151,4,0,22.6,0
Kelwick Town,FWD,29,2606,5,1,21.2,1
Kelwick Town,GK,22,2995,1,0,23.1,1
Kelwick Town,MID,23,2463,4,1,22.4,0
Kelwick Town,DEF,26,3001,4,1,24.2,0
Kelwick Town,MID,22,2408,2,1,23.3,0
Longton City,MID,24,2949,5,1,23.5,0
Longton City,GK,25,3449,4,3,23.1,1
Longton City,MID,28,2494,5,0,23.9,0
Longton City,FWD,22,2025,4,1,25.8,0
Longton City,MID,23,1902,4,1,23.2,0
Longton City,MID,25,2567,4,4,25.6,0
Longton City,MID,26,2031,3,1,23.1,1
Longton City,FWD,27,2119,3,0,23.3,0
Longton City,FWD,29,946,3,0,22,0
Longton City,MID,30,2687,2,0,24.1,1
Longton City,FWD,26,3322,4,1,22.3,1
Longton City,DEF,17,1975,3,1,22.4,0
Longton City,FWD,23,3810,5,1,22.8,0
Longton City,DEF,22,2935,4,1,22.9,0
Longton City,DEF,25,2842,5,2,26.5,1
Longton City,MID,24,3090,3,0,24.8,0
Longton City,GK,18,3960,4,0,23.8,0
Longton City,MID,23,3714,5,0,25.1,0
Longton City,MID,24,1988,4,4,22.8,1
Longton City,DEF,29,3413,2,3,25,0
Longton City,MID,22,1643,3,0,23.6,0
Longton City,GK,30,3808,5,0,22.9,1
Longton City,MID,22,1730,2,1,23.5,0
Longton City,DEF,27,1661,4,2,25.5,0
Longton City,FWD,27,1602,2,0,24.1,0
Moorfield FC,DEF,30,3252,5,1,21.4,0
Moorfield FC,DEF,25,3536,4,0,20.8,0
Moorfield FC,FWD,29,2390,5,2,23.8,1
Moorfield FC,FWD,19,2379,2,1,22.9,0
Moorfield FC,DEF,19,2582,3,0,23.9,0
Moorfield FC,FWD,31,1882,3,3,24,0
Moorfield FC,DEF,25,3203,2,1,21.9,0
Moorfield FC,DEF,29,1771,2,2,19.7,0
Moorfield FC,FWD,24,1814,4,2,25.3,0
Moorfield FC,MID,17,1589,2,0,24.4,0
Moorfield FC,DEF,23,2251,5,0,24.5,0
Moorfield FC,DEF,27,3395,2,2,25.1,0
Moorfield FC,MID,20,2508,3,1,21.5,0
Moorfield FC,FWD,27,1739,4,0,21.8,0
Moorfield FC,DEF,22,2328,2,0,24.2,0
Moorfield FC,FWD,24,2618,3,0,25,0
Moorfield FC,FWD,25,1907,3,0,21.3,0
Moorfield FC,MID,27,1396,3,1,24.2,0
Moorfield FC,MID,28,1086,2,2,24,0
Moorfield FC,DEF,21,2675,3,1,26,0
Moorfield FC,FWD,22,1696,3,0,24.5,0
Moorfield FC,MID,24,1583,3,0,24.3,1
Moorfield FC,FWD,17,2788,3,0,24,0
Moorfield FC,MID,28,2310,3,1,26.3,0
Norbury United,DEF,22,2568,5,3,21,0
Norbury United,GK,22,3960,2,2,21.7,0
Norbury United,FWD,24,2591,5,0,24.6,0
Norbury United,GK,22,2472,4,2,23.1,0
Norbury United,DEF,19,3458,3,1,24.6,0
Norbury United,FWD,23,1586,3,0,23.6,0
Norbury United,DEF,31,3179,3,0,27.6,0
Norbury United,DEF,27,2103,2,0,23.6,0
Norbury United,DEF,22,2373,3,2,24.8,0
Norbury United,DEF,27,2425,4,1,23.6,0
Norbury United,DEF,32,2220,2,0,23.5,0
Norbury United,MID,24,2650,2,0,23.6,0
Norbury United,FWD,25,2829,3,0,23.6,0
Norbury United,MID,26,1623,2,1,23.9,0
Norbury United,FWD,20,2002,4,1,25.7,0
Norbury United,DEF,24,1945,3,1,23.4,0
Norbury United,GK,21,3110,3,1,23.8,0
Norbury United,FWD,24,3076,3,0,24.1,0
Norbury United,FWD,25,1080,3,0,23.7,0
Norbury United,FWD,17,1737,5,1,23.3,0
Norbury United,DEF,22,2199,5,0,24.4,0
Norbury United,GK,23,3960,3,0,21.8,0
Norbury United,MID,25,2012,2,0,23.4,1
Norbury United,DEF,18,3274,3,0,25.1,0
Norbury United,DEF,20,2674,4,0,22.6,0
Norbury United,FWD,30,2656,4,2,23.4,1
Norbury United,MID,26,2249,3,1,24.3,1
Norbury United,DEF,19,1556,3,2,24.3,1
Oldham Vale,FWD,26,1937,3,1,23,0
Oldham Vale,DEF,36,2850,2,1,26.5,0
Oldham Vale,MID,25,1483,4,0,22.2,0
Oldham Vale,DEF,23,3587,3,1,25.6,0
Oldham Vale,DEF,27,2367,2,1,22.9,0
Oldham Vale,MID,31,1903,2,0,25.1,0
Oldham Vale,DEF,25,2260,2,1,26.2,1
Oldham Vale,MID,19,2091,3,0,22.5,0
Oldham Vale,DEF,28,2259,2,1,23.5,0
Oldham Vale,MID,31,2480,4,2,24,1
Oldham Vale,DEF,17,3211,2,1,23.5,0
Oldham Vale,DEF,23,2692,2,0,24.6,1
Oldham Vale,GK,25,3960,4,0,24.9,0
Oldham Vale,MID,24,3631,3,0,24.5,0
Oldham Vale,DEF,25,3003,3,0,21.7,0
Oldham Vale,MID,27,2841,4,3,23.6,1
Oldham Vale,DEF,23,2528,2,1,24.7,1
Oldham Vale,DEF,25,2115,2,1,23,0
Oldham Vale,DEF,26,1622,2,0,24,0
Oldham Vale,DEF,35,3005,5,0,23.3,1
Oldham Vale,GK,19,3781,4,0,24.6,0
Oldham Vale,FWD,24,1577,3,0,24.9,0
Oldham Vale,FWD,24,2066,5,4,23.8,0
Oldham Vale,DEF,25,1949,4,0,23.7,0
Oldham Vale,MID,31,2565,4,0,23.2,0
Oldham Vale,DEF,21,2379,4,2,26.3,0
Oldham Vale,MID,29,3163,3,1,24.8,0
Penwick Rangers,MID,23,2263,1,0,23.9,0
Penwick Rangers,MID,21,1377,4,0,25.4,0
Penwick Rangers,MID,24,1661,3,0,24.5,0
Penwick Rangers,MID,26,2584,4,1,25.4,0
Penwick Rangers,MID,27,2738,5,0,22.7,0
Penwick Rangers,MID,28,2849,3,1,25,0
Penwick Rangers,DEF,31,3469,4,2,24.4,1
Penwick Rangers,GK,21,2067,2,0,24.5,0
Penwick Rangers,MID,31,2414,2,0,22.5,0
Penwick Rangers,FWD,30,1619,3,2,20.7,0
Penwick Rangers,DEF,23,2724,5,0,24.5,0
Penwick Rangers,FWD,21,1476,3,0,27.1,0
Penwick Rangers,GK,24,3076,3,0,23.1,0
Penwick Rangers,MID,31,2343,3,1,24.7,0
Penwick Rangers,DEF,28,2801,3,0,22.3,0
Penwick Rangers,FWD,24,2377,2,1,24.5,0
Penwick Rangers,MID,25,1570,2,3,24.7,0
Penwick Rangers,FWD,30,2632,3,1,23.1,0
Penwick Rangers,DEF,29,3290,4,0,23.3,0
Penwick Rangers,GK,27,3351,3,4,22.1,0
Penwick Rangers,DEF,25,3097,2,1,22,0
Penwick Rangers,MID,21,2295,4,2,23.5,1
Penwick Rangers,FWD,26,1235,3,1,22.9,0
Penwick Rangers,MID,30,2099,4,0,23.7,0
Queensbury FC,DEF,33,2789,1,1,23.2,0
Queensbury FC,MID,26,2693,3,0,20.9,0
Queensbury FC,FWD,29,2932,3,0,23.1,0
Queensbury FC,MID,26,2807,4,0,23.7,0
Queensbury FC,FWD,23,1017,2,0,22.6,0
Queensbury FC,DEF,20,3367,3,3,21.1,1
Queensbury FC,FWD,29,2381,3,0,23.9,1
Queensbury FC,DEF,21,2529,4,1,24.3,0
Queensbury FC,DEF,26,2947,3,1,24.8,0
Queensbury FC,DEF,25,2409,4,1,23.7,0
Queensbury FC,GK,29,3960,5,0,23.8,0
Queensbury FC,MID,35,2575,3,0,24.1,0
Queensbury FC,DEF,26,1499,2,2,23.7,0
Queensbury FC,DEF,27,3066,2,1,26.2,1
Queensbury FC,DEF,26,2155,2,0,24.3,0
Queensbury FC,FWD,24,3056,3,1,22.1,0
Queensbury FC,MID,22,2778,3,3,22.9,1
Queensbury FC,MID,28,3693,4,2,24.2,0
Queensbury FC,DEF,25,1688,3,1,24.8,0
Queensbury FC,GK,24,3396,5,0,20.1,0
Queensbury FC,MID,27,1277,4,0,25.8,0
Queensbury FC,DEF,22,2981,3,0,22.7,0
Queensbury FC,MID,29,2701,3,0,21.1,0
Queensbury FC,DEF,21,2088,2,1,22.5,0
Queensbury FC,MID,23,3814,4,0,21.2,0
Queensbury FC,FWD,29,2600,4,1,22.6,0
Redwick Town,DEF,18,2858,3,4,23.6,0
Redwick Town,DEF,20,2972,2,1,23.6,1
Redwick Town,DEF,29,2428,3,0,27.5,0
Redwick Town,FWD,28,2852,4,0,23.8,0
Redwick Town,GK,29,3520,2,0,21.8,0
Redwick Town,FWD,34,1911,2,1,24.9,0
Redwick Town,DEF,28,3022,5,0,22.8,0
Redwick Town,GK,18,3065,4,3,25.1,0
Redwick Town,MID,19,3127,4,1,26.5,1
Redwick Town,DEF,23,3190,4,3,21.9,0
Redwick Town,FWD,25,1973,3,0,22.8,0
Redwick Town,DEF,22,2910,3,2,21.9,0
Redwick Town,DEF,24,2409,4,1,22.8,1
Redwick Town,MID,26,2547,5,0,19.7,0
Redwick Town,DEF,18,2938,4,1,23.4,1
Redwick Town,FWD,27,2254,5,2,21.2,0
Redwick Town,MID,23,3467,3,0,25.3,0
Redwick Town,GK,31,3258,4,0,23,0
Redwick Town,DEF,28,3115,4,0,20.9,0
Redwick Town,MID,20,2641,3,1,24.5,1
Redwick Town,MID,23,2565,2,2,24.1,0
Redwick Town,MID,21,3230,3,0,21.5,0
Redwick Town,DEF,26,1611,3,1,21.8,0
Redwick Town,GK,22,3404,3,1,24.3,0
Stanwick City,DEF,23,1723,2,2,22.8,1
Stanwick City,MID,22,2632,3,0,23.1,0
Stanwick City,DEF,22,2637,2,0,25.3,0
Stanwick City,MID,29,679,1,2,22.8,0
Stanwick City,MID,22,1884,1,0,25,0
Stanwick City,DEF,20,2179,4,1,23.4,0
Stanwick City,DEF,26,3048,2,0,21.6,0
Stanwick City,FWD,26,1773,3,1,23.2,0
Stanwick City,DEF,34,2132,3,2,23.8,0
Stanwick City,DEF,27,2234,2,0,25.8,0
Stanwick City,FWD,22,1574,3,0,23.8,0
Stanwick City,MID,24,2593,1,0,19,0
Stanwick City,FWD,19,1028,2,1,22.2,0
Stanwick City,FWD,26,1433,4,0,22.3,0
Stanwick City,FWD,30,2349,3,2,25,0
Stanwick City,GK,24,3607,2,3,23.2,0
Stanwick City,DEF,29,2595,4,1,22.7,1
Stanwick City,FWD,27,576,4,2,24.4,1
Stanwick City,FWD,27,1153,2,1,23.9,0
Stanwick City,DEF,22,3246,4,3,23.3,0
Stanwick City,DEF,25,1612,4,0,24.7,0
Stanwick City,DEF,22,1505,2,1,24.1,0
Stanwick City,MID,27,2276,5,2,20.2,1
Stanwick City,MID,23,2497,1,0,23,0
Thornbury AFC,DEF,24,2449,4,1,23.8,0
Thornbury AFC,DEF,27,2594,2,0,23.9,0
Thornbury AFC,FWD,24,2354,4,2,22.9,1
Thornbury AFC,DEF,20,2019,3,0,25.3,0
Thornbury AFC,MID,28,2608,5,2,22.6,1
Thornbury AFC,FWD,25,2810,4,3,23.9,0
Thornbury AFC,MID,22,2074,3,0,21.8,0
Thornbury AFC,FWD,25,2658,2,0,25.4,0
Thornbury AFC,FWD,19,2832,5,2,22.7,0
Thornbury AFC,MID,17,3085,5,0,24.8,0
Thornbury AFC,MID,33,3570,3,2,24.6,0
Thornbury AFC,DEF,26,3232,4,1,24.1,1
Thornbury AFC,DEF,27,2604,4,0,23.2,0
Thornbury AFC,DEF,19,2583,2,0,23,0
Thornbury AFC,MID,22,3452,4,0,22.8,0
Thornbury AFC,MID,25,2169,4,0,20.4,0
Thornbury AFC,DEF,23,3432,3,1,24.7,0
Thornbury AFC,DEF,22,3431,2,1,23.4,0
Thornbury AFC,FWD,20,2594,3,0,25.1,1
Thornbury AFC,DEF,23,3576,2,0,26.3,0
Thornbury AFC,DEF,26,3056,5,2,27.5,0
Thornbury AFC,GK,31,2963,2,0,24.1,1
Thornbury AFC,DEF,21,2926,3,1,22.4,1
Thornbury AFC,FWD,30,2066,4,1,24.8,1
Thornbury AFC,DEF,32,2288,3,0,21.9,0
Ulverton FC,DEF,26,2305,4,0,21.4,0
Ulverton FC,DEF,30,3572,2,0,23,0
Ulverton FC,MID,22,1725,5,0,22.2,0
Ulverton FC,FWD,22,2178,3,4,25.1,0
Ulverton FC,DEF,21,2343,3,1,22.8,0
Ulverton FC,FWD,32,1634,3,0,27.3,0
Ulverton FC,FWD,26,2425,4,0,23.8,0
Ulverton FC,FWD,21,1932,3,1,24.2,0
Ulverton FC,DEF,31,2369,5,1,21.5,0
Ulverton FC,FWD,29,1604,3,0,23.3,0
Ulverton FC,DEF,29,1987,5,1,24.5,1
Ulverton FC,MID,28,3599,4,1,24.3,0
Ulverton FC,GK,23,3652,4,0,22,0
Ulverton FC,GK,27,3663,4,0,21.8,1
Ulverton FC,DEF,30,2866,3,1,21.9,0
Ulverton FC,MID,26,2520,5,2,20.9,0
Ulverton FC,DEF,25,2450,4,2,23.4,0
Ulverton FC,MID,28,2286,4,0,22.5,0
Ulverton FC,MID,23,2582,3,1,22.7,0
Ulverton FC,GK,30,1705,4,0,22.5,1
Ulverton FC,GK,25,3960,3,3,25.2,0
Ulverton FC,DEF,24,1563,2,3,25.7,0
Ulverton FC,MID,25,1847,3,4,20.8,0
Ulverton FC,GK,25,3899,4,0,26.1,0
Ulverton FC,DEF,26,3461,3,3,24.7,0
Ulverton FC,FWD,30,2843,4,0,25.1,0
Ulverton FC,FWD,23,2525,4,0,22.4,0
Ulverton FC,DEF,34,2873,4,0,22.2,1
Vale Wanderers,FWD,25,3675,5,2,22.7,0
Vale Wanderers,GK,21,3104,4,0,23.8,0
Vale Wanderers,GK,31,3435,5,0,22.4,0
Vale Wanderers,MID,24,1157,4,2,24,0
Vale Wanderers,MID,27,1856,3,0,24.6,0
Vale Wanderers,GK,24,2737,1,0,24,0
Vale Wanderers,FWD,17,807,2,1,25.5,1
Vale Wanderers,MID,22,3760,2,0,22.1,0
Vale Wanderers,MID,24,2155,4,0,23.5,0
Vale Wanderers,FWD,28,2278,3,0,25.2,0
Vale Wanderers,MID,28,912,2,0,21.5,0
Vale Wanderers,MID,26,3000,2,1,21.4,0
Vale Wanderers,MID,26,2918,3,0,20.8,0
Vale Wanderers,FWD,31,1881,4,0,23.6,0
Vale Wanderers,MID,33,2046,3,1,21,1
Vale Wanderers,FWD,28,1423,2,1,22.6,0
Vale Wanderers,FWD,19,890,1,0,25,0
Vale Wanderers,DEF,26,2069,2,3,20.7,0
Vale Wanderers,DEF,20,2727,2,2,21.7,0
Vale Wanderers,MID,25,2405,2,0,24.8,0
Vale Wanderers,DEF,27,2574,4,0,22.9,0
Vale Wanderers,DEF,17,3623,5,0,23.1,0
Vale Wanderers,DEF,31,2378,2,0,24.1,0
Vale Wanderers,FWD,33,2477,3,0,22.6,0
Vale Wanderers,DEF,22,2126,3,0,21.4,0
Vale Wanderers,FWD,24,1511,3,3,23,0
Vale Wanderers,FWD,22,1944,3,2,23.3,0
Vale Wanderers,DEF,25,2716,4,2,23.4,1
Westgate FC,MID,24,2957,4,0,22.5,1
Westgate FC,DEF,28,2179,4,0,24.1,0
Westgate FC,FWD,23,2159,2,2,24.4,1
Westgate FC,GK,23,3008,2,0,26.6,0
Westgate FC,GK,31,3383,3,0,21.5,1
Westgate FC,MID,31,3208,4,0,24.3,0
Westgate FC,FWD,30,2179,3,1,21.2,1
Westgate FC,MID,30,3173,2,1,23.5,1
Westgate FC,MID,25,2289,3,2,24.5,0
Westgate FC,MID,28,3373,4,0,21.4,0
Westgate FC,DEF,25,2316,3,0,21.9,0
Westgate FC,GK,26,3404,4,4,21.1,1
Westgate FC,MID,21,3111,2,0,23.7,0
Westgate FC,GK,22,3662,3,0,23.2,0
Westgate FC,FWD,26,2119,1,0,23.3,0
Westgate FC,MID,30,2196,3,0,23.5,0
Westgate FC,FWD,19,2418,1,2,21.6,0
Westgate FC,MID,27,1340,3,0,23.8,0
Westgate FC,FWD,25,2591,5,0,25.4,0
Westgate FC,MID,25,2993,3,2,23,0
Westgate FC,DEF,26,2411,3,0,22.2,0
Westgate FC,DEF,17,2410,3,0,23.4,0
Westgate FC,MID,21,1326,2,1,23,0
Westgate FC,DEF,25,3100,4,0,25,0
Westgate FC,MID,23,1892,1,0,23.4,0
Yorwick United,FWD,26,2073,4,4,25.8,1
Yorwick United,MID,24,2914,3,0,24.3,0
Yorwick United,MID,32,1884,3,3,22.8,1
Yorwick United,MID,26,3525,4,2,25.4,0
Yorwick United,MID,24,2351,3,1,23.1,0
Yorwick United,MID,28,2867,3,0,24.5,0
Yorwick United,MID,26,1859,3,0,23.5,0
Yorwick United,DEF,31,1874,3,0,24.2,1
Yorwick United,FWD,22,2521,3,2,23.6,0
Yorwick United,DEF,23,3696,5,0,24.7,0
Yorwick United,DEF,18,1972,3,1,24,0
Yorwick United,DEF,30,3611,5,0,24.1,0
Yorwick United,DEF,24,3563,3,1,22.1,0
Yorwick United,GK,22,3692,2,0,20.6,0
Yorwick United,DEF,28,2601,3,0,22.3,0
Yorwick United,GK,22,2297,3,2,23.4,0
Yorwick United,FWD,18,2292,2,1,24.5,0
Yorwick United,DEF,25,1797,3,2,23.4,0
Yorwick United,DEF,22,3811,3,0,24.4,0
Yorwick United,FWD,27,2262,3,4,24.3,1
Yorwick United,GK,26,3960,3,4,23.5,0
Yorwick United,GK,22,2413,2,0,22.8,0
Yorwick United,DEF,24,2986,4,1,23.7,1
Yorwick United,FWD,27,2381,3,1,24,0
Yorwick United,FWD,29,2831,3,2,26.3,0
Yorwick United,FWD,33,2240,2,0,24.9,0
Yorwick United,MID,26,1544,3,1,23.2,0
Yorwick United,MID,32,2025,3,1,24.4,1
